{"acc": 0.8735598338360872, "loss": 0.060933618537084414, "_timestamp": 1683975252.5760984, "_runtime": 3.811479330062866, "_step": 7, "_wandb": {"runtime": 2}}