{"acc": 0.7280192841512133, "loss": 0.23087821912441606, "_timestamp": 1683975269.3120906, "_runtime": 4.590980529785156, "_step": 7, "_wandb": {"runtime": 2}}