{"acc": 0.8815633264482181, "loss": 0.12953903456384017, "_timestamp": 1683975286.0797484, "_runtime": 4.627187490463257, "_step": 7, "_wandb": {"runtime": 2}}