{"acc": 0.8485055209020017, "loss": 0.2596778227140797, "_timestamp": 1683975277.6820319, "_runtime": 4.5902159214019775, "_step": 7, "_wandb": {"runtime": 2}}