{"acc": 0.8798797043499523, "loss": 0.18665143589757138, "_timestamp": 1683975260.9747205, "_runtime": 4.371004581451416, "_step": 7, "_wandb": {"runtime": 2}}